{
  "model": "gpt-5",
  "classification_type": "binary",
  "effort": "medium",
  "data_year": 2018,
  "test_size": 100,
  "train_size": 3847,
  "timestamp": "2025-08-30T23:11:55.586016",
  "strategies": {
    "zero_shot": {
      "strategy": "zero_shot",
      "effort": "medium",
      "dataset_size": 100,
      "accuracy": 0.46,
      "precision": 0.4583333333333333,
      "recall": 0.44,
      "f1_score": 0.4489795918367347,
      "precision_per_class": {
        "DOWN": 0.46153846153846156,
        "UP": 0.4583333333333333
      },
      "recall_per_class": {
        "DOWN": 0.48,
        "UP": 0.44
      },
      "f1_per_class": {
        "DOWN": 0.47058823529411764,
        "UP": 0.4489795918367347
      },
      "confusion_matrix": [
        [
          24,
          26
        ],
        [
          28,
          22
        ]
      ],
      "predicted_distribution": {
        "UP": 0.48,
        "DOWN": 0.52
      },
      "actual_distribution": {
        "UP": 0.5,
        "DOWN": 0.5
      },
      "avg_confidence": 0.9000000000000005,
      "total_tokens": 95815,
      "total_cost": 0.023953749999999992,
      "avg_response_time": 7.44385575056076
    },
    "few_shot": {
      "strategy": "few_shot",
      "effort": "medium",
      "dataset_size": 100,
      "accuracy": 0.46,
      "precision": 0.4583333333333333,
      "recall": 0.44,
      "f1_score": 0.4489795918367347,
      "precision_per_class": {
        "DOWN": 0.46153846153846156,
        "UP": 0.4583333333333333
      },
      "recall_per_class": {
        "DOWN": 0.48,
        "UP": 0.44
      },
      "f1_per_class": {
        "DOWN": 0.47058823529411764,
        "UP": 0.4489795918367347
      },
      "confusion_matrix": [
        [
          24,
          26
        ],
        [
          28,
          22
        ]
      ],
      "predicted_distribution": {
        "UP": 0.48,
        "DOWN": 0.52
      },
      "actual_distribution": {
        "UP": 0.5,
        "DOWN": 0.5
      },
      "avg_confidence": 0.9000000000000005,
      "total_tokens": 166737,
      "total_cost": 0.04168425000000002,
      "avg_response_time": 9.144636058807373
    },
    "chain_of_thought": {
      "strategy": "chain_of_thought",
      "effort": "medium",
      "dataset_size": 100,
      "accuracy": 0.5,
      "precision": 0.5,
      "recall": 0.82,
      "f1_score": 0.6212121212121212,
      "precision_per_class": {
        "DOWN": 0.5,
        "UP": 0.5
      },
      "recall_per_class": {
        "DOWN": 0.18,
        "UP": 0.82
      },
      "f1_per_class": {
        "DOWN": 0.2647058823529412,
        "UP": 0.6212121212121212
      },
      "confusion_matrix": [
        [
          9,
          41
        ],
        [
          9,
          41
        ]
      ],
      "predicted_distribution": {
        "UP": 0.82,
        "DOWN": 0.18
      },
      "actual_distribution": {
        "UP": 0.5,
        "DOWN": 0.5
      },
      "avg_confidence": 0.8560000000000005,
      "total_tokens": 139473,
      "total_cost": 0.03486825000000002,
      "avg_response_time": 12.677146461009979
    }
  }
}